{"file_hashes":[{"block_hashes":["VUdh3N9oHuYQQXOGRjgxe+WUNeGICLMu+BYxjiapx28="],"block_size":4096,"path":"background.html"},{"block_hashes":["PCcIgk4EqKjgWzXEkHFUjt4+XCZVitPM1WvnIRV0kUE="],"block_size":4096,"path":"check-solid.png"},{"block_hashes":["bbnEEpjTIYVyXeO+/8PnJpdVoa1f2gcF+m1f6r9uABg=","Qt/JGTpnpQY3Z7l7bK3i5JQy7lNlZYGX2xHcuH6tqq4=","BR1G9yRvGm1O+pT+7GCxsqhzG7PmTX1B2MjAaml8MIM="],"block_size":4096,"path":"logo-b.png"},{"block_hashes":["F8UL79YO9aYnoHmjH5YIPAtCh7927V6cxuzT3WYSJbA="],"block_size":4096,"path":"logo.png"},{"block_hashes":["1GHQwHScpVyv3Hl8nGercdeK5dvSf/txCVyYoPggCoc="],"block_size":4096,"path":"options.html"},{"block_hashes":["zoc1tS12TAyYXr8ysyEwEfyQjAEXNaxy722FX5117dM="],"block_size":4096,"path":"popup.html"},{"block_hashes":["DA8w+FjhnBYbw1hiVW+vmH6m5kzeN5GEVWid+Dpd494=","yLnunE6SzMevxPOanEV35yY86MsZQDVE1zbH4iFXNIk=","PZjUCvxIb9IzDctQRtQN+jmz16cZKTja3uyQKt0/32Q=","mJiorCatvIb6RNhpL4KoqEFEWgloUi7eSM/rNsZ6rmk=","CkZZSXmapSrbRQxB8DW+cINXSQVK6grbDoqgV61IwFM=","YL98bX9SX7dei166ChqN+FBihDdp0uyhDgj8b1rKH/Y=","2jqqUxVk7FAIk9f4uN5MQUJvZOfCj1m4OlXJQQDvAxo=","w8UP4oaTYJXm3QICZjV7hZXBPeKBGohhCvzt3LDGvXc=","pfFpjkTI6stLitFGeS9RhyE+/J4QscImQF4BtY9lBXQ=","9o+G1H7p5n0xqbehYiZSbBZlHNDH215UvQiQGm4F95s=","77xcPO9tvJqixD4suuaR3+eG7lLn0+ZR4oTSTj2PyCE=","c6ak3p0mV7C257Yaal2TMIL9TRFRB90193hQP9IZzKA=","Tk9zCP9JF+r3GQUlMvfmYOmLAZrgoHYRcaxIYm2geKQ=","0ATiG/AYg28j8eReJx6LSQ7AxC8sSYyc5JrdEtOfw5I=","hjteDbCmqpZwF0nLCRv6aRZ0J3A66bpqy7vkIxfc7L8=","9Zyv+WmlcmayPwoxnbngYt0XA7fBY9xXZSYl7PSWbAk=","3BPOD8Q4aDlKSK3gTTI4qlLwMShU9HHdI+Yvn1DpXTs=","LzYunvtr4MD+giRifY3RwEfEGNv0YK+Yjgy6r8x7KIE=","cPj8aAIdJJ5Rl5A7VXrC7tEpe0y2e/h7ntotQbQRv6o=","TULtrYI7KSv9heRg9XkhIsFPT70s9oW1iMT+sDgaHOI=","SG6byHj5ii7vo6zMKe4bABRFN8Otvf8nXuz8DTsQ80Y=","CULCovIPvHzDIawOjrCx6bJgTQt0k9yZJJGpr5ICHvc=","Pxdm5jkgFz3uDMZHgjRTP92fwNfnTZ1Nsf4wj+uE9pc=","YsFqXuZ6hoIWAIeX9g+fwLkUR+nyHboaOr4eaFbOraU=","azqNilDkJ1iADqSGi71LU12N3BzQPu8ONnoTLsfXFQk=","9tK5h+oC63q83PDgNFvhj+DfxtXJz69fjDOpCRBNY9s=","iJutyjgWzQEKm5j3lsLSFQXNVsrZh8K9b3/qKLN5CXI=","8yeqjYuGQxO3vA6/3qHmdbww323f54jiytA89py/ez4=","LTOX9tSz+mGviA5TQJp5Sz7dbAP31NWimwIEi+BP870="],"block_size":4096,"path":"static/css/Lato-Hairline.ttf"},{"block_hashes":["Ap34NJPNA6E2oFoAenqG1MCM5Kk2CH+1zoG9UAiyWq8=","QKGyXvTQ/Wr/juMttoBST+bTk7Hgt2Tuzk7TfGJWesA=","6rktkYkV2NMJNRW9niVRHFuzdYaIv/YQxNfzcRkzR7s=","FUxxrI9us9IJf0tlLGv/aYSqofXyUcA9tnva39fmjXQ=","vR5BEvsbrth9GB90aEev9EeFCc7R8p386MyUG3PZ/K8=","70++gnc+0X8AIkK+LMapOQIY8+gN0nA/jc0JxXriIUY=","7YdaSx05SMXh77E8xLMZNLOzQaQWk684BCo3g0ILz3w=","jMuSbidNl9QulDvor3aK0bJUtslW42IrDuc9m52WdQk=","FdlacevNJd+54xM8oMyCqN0d4zyCgx9MRuCFBhOdMHY=","hQAh2CWSjXh9Hx3xdLUEWwTO2txw23ycGhELju24CvY=","8wzZZ9Uzj5K7PrkABLtxhfCVr+VoQ4gFxN3CsmjCSKI=","os4A7Wv3latYkwKm58Lg1//sTBy3b02lAtTKp8jZ6iA=","k7w9cRAJlUxUgho85GO4xWeVY2/XYe2KPNXAaFB4cs8=","4O4MnwiggQtc41oKpXqco179hkWGnww9ZZ3f300QVgs=","PnmXpiuwbFwpSIObofjNa46+l/IOXEUa3tTWw6SQy5M=","i4er+KCbR1UJckTDRe1Pt2s8IBkVk9SviA1q0uOJP7M=","uiNVW88rjOItq4akxWqGUxqu6a1rYxGvViL4NgxB9bo=","whK+PCKM70elny+Uju9iZxV+28rOI5xCznnv5kYxJxY=","fM4ACkxp9AAyUy2SM/u+esMyENEZjThm7uVftwacnQw=","Za3xxeCXgxGXB52gLA25Q+v1XWZb7NPgxUuajtiZTvg=","QVh0eM+Kb5b3OwOPthEczxBUu/IgXlsFcARLNKrrE1M=","Esi0fiu6ZRcDC7OT02oH8Hu5L1qdytilq4VmUIEq7fM=","OqDtW+37B10p3CvNcaLs7BmUP5UctWkjzsHeb51YT0I=","13ePoxDMcO3IO3GKASSbbqhj1lbUK5DIi5uLKbLCszE=","F8Mf0YbJLOjJk90T+xNDvTy7uFB5BQf2rqNkVqmyzZ0=","Am5Xec2Q32Z7HNJ9R2fK1LuUheO2SPCApHKBO5OzRbE=","ZdvZQpWRwq4Rr1319cCN7KBx2runXvL8AEF3PS+8o1Q=","Ds6FWd8oILqER1ous8+8gmhmCiVIjIs+aKwX2E7hZzA=","USqqfr4Xssyh4FXFlJjnDndepogovoPaDXByXzElJ7w=","rDmUrtAnCr3vyxaC1L3Mv5H5wCUPPLz8bBuBEC68R+o="],"block_size":4096,"path":"static/css/Lato-Light.ttf"},{"block_hashes":["G4x65UHafyy44rM4GKuBM9bMpUZRRxOyo8cHcqgTCgA=","RlL8GTR3JlNDmLM02qQLbGTgnzOCWYYPGFDOOmNdxdY=","NEbf7tYi4Dl+3oZ0BOlLqII7q1837P2RF6D9elqfsdU=","EYKydtje58cKuIhVYsxIADLoKMKhWVC1lfldFFBYqYE=","DOv+rR+mBpvARIczHa2TBESPMAafqUqOO1KKU3eEneg=","a5dPq7Azg4th733yvs2NHjPAFdI8EtvUNFyCaBk0fws=","rZd2perovRnJISf6dq3AcI2608dRpL5w3GtSNH+ektY=","aeV6jC6IyGKInZLpGkte+LKnFXh3oOokZukUaog6pv4=","Kr2Rw+n61Ci40KKas/jKtNQk8Nhh6MIgiXS2M5WlznA=","wvQH7fStdwjuCxnpYDYBelkpEfIaqy4mso1Mh9fCDZ0=","H0NTjEoie/5u190ObGDAjLqgmGF6VMuY3ZJQTdvIrVk=","hSh4pWofpPfSpKo60le4bsYgC9D7SXolDdEfxPUtN1w=","PMP/xShLwGlsPjB4+U6BQfzPuazNAMvPvkZIF/XzrSU=","75LjN6qdWaqQuxsqDiNtVUQx7riGUsNIdhZ7zYxAV0k=","WZExazmJJQIBHzsdUKj/vz85W/PUV0065RuCJ1GvKrc=","kOfgPMiSTit7WUdH40wH28svi+9ZioFiFWNahtB1KpA=","L3c3WbNlw5TSTySKipwSBXlXUeBpzjuZT8ncbS7wwxg=","KzEvWQUofafJPY0j8D/ZuFz3q4c4pC/GXisLrzUioEU=","mJfuidaeoTXKQp6TjlRkC5I+KCn4u4dcQxtjkJEiic4=","cNwrdRP+VjcnP2sbFo8kem9G+0mnA5xdjuV+KXkoseU=","e1JXVYeRSkXYnv95fw6/fSnJ8r2btzqRIFg4odyEbSc=","jGUNih9oN196Ii+Y663F/kgxFlxFMWS3g3iMn6DN7y4=","1eIurgW8ITT7BxbBdKhIVv/ab9pkgv2YCF7TRIebyuw=","8Y8zH+WBejZe7hh90Hvt2kNA28B9ElRkynoU20qeAIU=","N+M2e6V7DSBXw73D8tPN222iDs98+YulqQ9t+lIkIyc=","iX/oSGwXJuhvLr6KykekJ2TbI8/4q84NwJQRKe/5UBQ=","2MHNsEAqq/2wfTh3gQ3j6aow/uEhURM/3JEamRKdQDk=","hbnOlFuGgOE6V8fNUeyFbCa9frHaL+mpzLXUqcBZYXk=","csnPIkXlC1J0NaLwnoCrbr2n+ZOK76TPrqGz9RPoZME=","zYk+KtHA3wHN1mBYZ2HyvIi/c36x1L2/FHBB20L63yM="],"block_size":4096,"path":"static/css/Lato-Regular.ttf"},{"block_hashes":["722K/fqXi7HqQNbnKCHJ3zwpD3Wy5qa+e0ihNM8I9O0="],"block_size":4096,"path":"static/css/main.css"},{"block_hashes":["xn3MaIxzxdkftKLWaXxvUDMdhKd3FPnYwUL3yqapudE=","Her3ixAKFURfwEI2J/dHTZ80ZpsazyvYxT21K9tmu8Q="],"block_size":4096,"path":"static/css/options.css"},{"block_hashes":["RfxX4Y3qvISM7i6PcjS1jl9fY0psEVQ0CMoUc8Cxi38=","FHY71u/nd5SYjMMtx78JEqOe9ANwXMwUtwUdY55gago="],"block_size":4096,"path":"static/js/background.js"},{"block_hashes":["m0a1za77W5T99808idkvxGekXNRvsAt+VcvV2y3qqJ4=","lkEQanuPzV3hp7iviic7nFNP/OWlvl98/WKBjTB/DfA=","qhfRKv49BiDfJszPrnJHMQsLlELFjYzMm7kchUodmSA=","Xg6b3f3US5L/+aKBb2tODjdK+L/SgxmX529hMhaFcaY=","WS0/ZCyv35FYX5+h0xUm0fn1vYCnlPcEOXxl9z46iW0=","maH83iBSGj1xvzewlM3EtgZdorIpYMnVAWE9heK14BU=","StOzqvBgt47nBo+NR7AzvNORlOyfJnR5Ec9hhfTal3c=","sFFociS7r+Z/xY3MyUB7QIRRXY/TuOj5Ww7cIUF+TsQ=","dNw0tdnEnZ5+aiQALMlropnV+E0VQ/iuIQmnzddgCl0=","9th9j/fzc99U8+0PNH5ruOHs/bRw1XF3aUjrWAGbCcc=","4Kd/s7Z7iQ2kZqtVy8Gd39CTm/AcjDFocOoCtUtvB9o=","mD+p9S9KdXqT1hM9zKpHPlN/rgCLgQ8uxGzAnHb5t8c=","C2FY3Qg8KpibyTUU/RHV1a7JG17kKFUG4kuJfD2SHYQ=","XS89b8OcOq/DbQ3zgw50nuLI0zQ/y4+0GtmKvxcURDM=","j5Pi1+dAX2BsCbMgI4potDEWq6yAbygFkv1akIQzi54=","97+NU7GVubdRxBnpqi4zqLxToh7mPK6DjeLhDuxF8pY=","Oa0If0xfnV99Ga2tiZ6m/2Ujn36XaFuhty9SEmx9lwk=","y8T1nKOJQyX/yZ97CdOgmt6ZD9lhkxVldQfbYh89uH0=","MxtotVZklH+zzcpy4wsPjfISR02i/BHCMXfuxe8RBCI=","dblNezuszqsWPOhC9mAHxgDhEum+KtTSww7DMoPMKfw=","WZiVNkigza1BOyDJ8iE5qcqe3NKsN2C9+7wkqbIkb1Y=","8cyqPxMOHkVipQ5F8rcnnQXjL2WSAtvZt9oSrTqETt0=","sy0F1wuWd7qfIW7s5ANgcMRh0v29crf03ZSUH881DfQ=","65XhoNjEuQdf3DnBkS9qfixnrF32yJCuMVgoZ6/b/q4=","mjLMS5zb1Kv4zHFZCFURveAXFmTEaGRHJVCsNqq/2H4=","VV/HY68pr1WyTJ0jucqfvViFBAhdpVQslOzTIw4DQvo=","gfBPzhaz+y7S5BUN+cImy/Uj8BADiYSmlAmRJXjRXJY=","8Bp2WQzpOT2d3zWEBqhBZnGLfJZxyPKaO1uR4UmYRvQ=","ZPoVVbrKktxlHK8MRou9x9WXaekUEoF+CKNV/ZV7m2g=","rbWUNFz79OoHYymfygXBq+zqKEmiULntrxP5J7VyOUM=","hLfLTNiKecZlJfpdf/ZqAzQFtifCnlXH183dRspA3DE=","j44Vw9H/8ICf+z81QlWyB96buxkLvaaaks4Qw8yrIKk=","4WrGfqWPrp4F4fZnEieQ524SPg7UCO+BnNAb4TMrBM0=","Ii8NVhmH2vT2eP5EzhujLB6TJPAJmZApCKEmccPPpH8=","hPw6En3AoDMd0TCTJW2Tv9RnfOm4i1TwruBAj/rLOGI=","kZry2hrwS+/Tm+S+w5x8e+OpM+pU2xXfFk/lAxRD0qY=","iNmueZW/LArMlKvTL8WYtgRYAc11uH5v1kkUemOg590=","Y1ei1zKMpZwux7NX9gnLHV+WXoCo+BcCe1QvXmD2vpA=","+HJUztKlZnD+iI3IHGP9YFXDZj3LQxp/ml7tREyje7c=","gvm18vlef+QcGw4bdqkb3rcHpe1fhK4EuWTatnkxpwI=","BjzWCorkVuO1yaY1rhEs7jjkl70uL76v7oySptlItI4=","v5JQ/RYnVr5FoG1DitoCKbi9c9CpVhl1ruuvHfER70M=","G4os+GpXawhBDWtTA9QUwG8nklZHl5QcOLhpzz52XO4=","U+QeQ90h2Qb5XEQBnKxkhPNcZtE1LpEMLFAzR/YwwSI=","LLv/xwAciV79bmZcGt+ew/hWVfkyjiyvl3C96VQ9r2k=","8JoNMp9ATKGWamq62zEVXxmFXAsF7XSKPisWOO34uzQ=","eYEVCuyquRPj5nVt/Rt2M98ZbSe0IVgZ69Qm5ROXDlY=","VB+FTiJwU5081JPhGbuIXRdwWpHH62XYjdoI+/eDHIQ=","CzgiWrDNgD56hnH7aOsG+kL3INQ9NYkG/4pQoNxC/44=","faUi+0unzRCukxwYF9+1QEzpwarwGRCTXSymK0Bzvvw=","aZNiCiuhTbDl+TVtomzbjgmq1ikV/UH19lkNFhoDF0c=","lFABGZ/KGkhNo59laoEr6s2jB2EYbLYp/bkmkYSwgtU=","84boubs65drmhtt0uMOBmKDvwj81MkBja+IOe3aJ6KA=","f/tbbApEkh7Ub9DNHVniHs6ug3kbX8tmmk+ICl0v6K8=","CkOIf8TFyIns0QYLoiYc443yo5H60pmVHPehZflPM1s=","xaf3cr0VSPQAump+1QWYb3y228YCylSw+Lh4rKVXnOU=","ZK0e8Nut3zwAoCLY0s6PZ1YiFIgWMp7MYT4vcuZV3vs=","64r8ZXKLOCOfi92/hHO6bmXM3d/WevsSVNYGPb3sxO0=","ixD+Oh2G2AcZoFDqoBPJVvCy+SthIP2BTfvf8dkkTFs=","ZcAKSP/QCbMK6erp+Gf1SV7L/QkS965H1vJjXDnNdMk=","INzuooyKEGGvI0wZ+6o7xlV0Iz5PT5LZk/Y7BVDBMsA=","gvfVu1+nUKYey0lMhLEXdnStawM9W6r2HOUth3POs6U=","wkzLX+giFbLkBUiv+2wbW3tvX0FAQy0ks5NFBt8Aat4=","eIn8xfCLWHXmocPAea5ggU3CjYExB6Ov7UDo/QapCfw=","ps6RtC/kHDB6BMp7Dg+xPPFSaQGiR1wWrUsEs7pktbc=","NUv4Lm1qxZlg0jVtzevUXYi3Z3VvGz9/sRuOup+dEBI=","T4Xj4uMF51MHt51Puf+s7YPWcGe4hj+o9UBNcVXA8Zk="],"block_size":4096,"path":"static/js/jquery.js"},{"block_hashes":["YbDDtmTTTVYrBVE/mMeZ75LrOxY47uM8LId3E3eeAVQ="],"block_size":4096,"path":"static/js/main.js"},{"block_hashes":["EKwKg9dvYzB2dlWI15Icp6DQjNvTe+sfiutVWk9CkPM=","q18BXkclAz2oQsGppsj0LV92pXNnUtWc1dwvpKX01uQ=","i0l53aiwmFZwRlVa/Nvr9ZRIG+cKqm/mjoPnciS+6CA=","yEK1Qs5JQe+Rov2iXHF8V006KLiHWHr0M+SrsuvyvOc=","gWKzgBJwLI2kV0eYyCL6vkZ7Ow/R+5otBox9MWTNbRs=","TYCIKCNFvyDDnufTEq81OKqDFS+Qg+sCb+UgLMjhtvI=","yM47loDVa7nGDd/WJgRmE9KwuLhoQeeIXYYOkHdn0Sw=","MjT9sxFfIV2PhvX5YTJWtlo9TKuHYtQfJj7PORAt8is=","yrFwZcg0wR6yGlD/O6y3W95M7GaLq6rUHf6R5qIqhW0=","TpcDrrM2AoYhp1Ugh8GpwxS3NPV/bBB3o62g5+8Jle8=","G5TPRIssPdHeLRVN0zHyBl05EBAFsRKwhj1UUqF/3rQ=","6codvSvmJ7LoOWM0l2YT17FQ9CbQjsaJYCj2OLygsmo=","WL1CmYv/BJoIoXeNB2DjR7xe1vz0WBapDcR5gizfva8=","Sya19v3AC+K0kdmAbKD0vGndWAxp+TMd0rtq7UT8aP4=","nteDSTCQB69mo5N2nGDh587EtbC5aaKiRR/tlfGgf4E=","UHFoq9rdOPU091O7ulUwhqEISaeKMZkoK0DKbaOFxDw=","OIyCYo22GDY8EQbjvCp7GI+G4XLRHeP2uJ86rs4HtKA=","d4H/t04KA9nXjMzMc18TRexnG0/PZifaJWIHWDvzh28=","25kxX9ueFG0M+G9a69qVsPP+ScTtrQedTNh2swZ+zoc=","WvQzBs7UKtN+NLJ8zBtHfF30YCsSbeuQjaQaG4hvD4U=","KVsJ7wPplOYeU+jEsdV3RTafRPMiAfIpXtG9cy6F9CA=","f/kGUk+jhU8NpvTaYhas+JlTagn3c/M3GAkZZNZYiCk=","kTl2IgVyj4XO8u8faaolRwyeN81lUPwFb5KlPbKTJM8=","T6gxn9UEtsO6yDLp1yAEqF+8m84Bckm6wgx64wn8n8M=","i6RQkI0R6acIyjHkU0CmGto5HOnb17Br3RhMewf5Rr8=","6FIIOHDBimWSB6xrHRG4UbtM8wpkAtAnIIEONw8aV68=","+72iS8FZYh4qWD7+ASRUaaWhydaYvlEHg/wn1leczPk=","Yw50jc+A7SY1FSL4e9Io0CkykNzLJ77ti45iWyn1LrI=","g6+wZQ5ChTJwDo9Ztz0IBOqsy8eeB0f4++9IAct5OAs=","VoKqnjgAHtCf8dgS93RnYztPPw2mPVji5KKtd/r8a/w=","gJ7xYYZkOk+mTy+GSM8bVHdF44j6pfco8XG3c32u6s4=","audf2lOK95q4gMaV+no00TpvE2q7+q7LYIYJVlNYDto=","HFFAOkZEjUYFmMctUZ4GULYq4qDVpJA3RGB7ufGsN4M=","T/BjTldkxsSEty+Ei5jljG0RWcoizdnwHYSCNFes6dM=","+JFAUMA3RqwUObSrPdtaLyZwV30PYGVDW11sZxUzT4c=","oIlyzLu9qwNEgO5tCDFv++g7ozYMmxFvOnDoR7QO3qw="],"block_size":4096,"path":"static/js/moment.js"},{"block_hashes":["A5Y7xHJe50pxn77/BYI3ChPDo2laYyMPaMHq6kbMiqE=","vTDOuUmRaTz5zYP71P7/2WySkU5BmjoQI0vynGiYGA0="],"block_size":4096,"path":"static/js/options.js"}],"version":2}